Page,Pixels Differ [N],Pixels Differ [%]
0,867,0.0001
1,1209,0.00014
2,867,0.0001
3,72048,0.00828
4,2019,0.00023
5,867,0.0001
6,867,0.0001
7,867,0.0001
8,867,0.0001
9,867,0.0001
10,4441,0.00051
11,96020,0.01104
12,515819,0.05929
13,975230,0.1121
14,867,0.0001
15,867,0.0001
16,58557,0.00673
17,528323,0.06073
18,543039,0.06242
19,835528,0.09604
20,653689,0.07514
