Page,Pixels Differ [N],Differing Pixels Proportion
1,867,0.0001
2,1209,0.00014
3,867,0.0001
4,72048,0.00828
5,2019,0.00023
6,867,0.0001
7,867,0.0001
8,867,0.0001
9,867,0.0001
10,867,0.0001
11,4441,0.00051
12,96020,0.01104
13,515819,0.05929
14,975230,0.1121
15,867,0.0001
16,867,0.0001
17,58557,0.00673
18,528323,0.06073
19,543039,0.06242
20,835528,0.09604
21,653689,0.07514
